1,Donielle,Vickar,dvickar0@tmall.com,true
2,Perle,Claye,pclaye1@blogs.com,true
3,Flori,Wharf,fwharf2@zdnet.com,true
4,Kristen,Haryngton,kharyngton3@yelp.com,false
5,Bibby,Covill,bcovill4@psu.edu,true
6,Illa,D'Elias,idelias5@twitter.com,true
7,Genia,Woodyear,gwoodyear6@reuters.com,false
8,Patrice,Rhys,prhys7@meetup.com,false
9,Rich,Gavozzi,rgavozzi8@istockphoto.com,false
10,Elfie,Comben,ecomben9@un.org,true